Submit Date Time,Start Date Time
2024/04/14 0:54:36,2024/04/14 0:54:56
2024/04/15 8:32:02,2024/04/15 8:32:03
2024/04/15 11:42:23,2024/04/15 11:42:23
2024/04/15 12:32:53,2024/04/15 12:32:54
2024/04/15 14:19:38,2024/04/15 14:19:39
2024/04/15 10:44:11,2024/04/15 10:44:36
2024/04/15 11:13:48,2024/04/15 11:13:48
2024/04/15 14:33:31,2024/04/15 14:33:31
2024/04/15 10:05:05,2024/04/15 10:05:06
2024/04/15 14:37:55,2024/04/15 14:37:57
2024/04/15 15:57:30,2024/04/15 15:57:31
2024/04/15 22:37:40,2024/04/15 22:37:42
2024/04/15 21:11:06,2024/04/15 21:11:52
2024/04/15 20:39:47,2024/04/15 20:39:47
2024/04/15 20:34:51,2024/04/15 20:34:51
2024/04/15 11:22:44,2024/04/15 11:22:44
2024/04/15 10:38:06,2024/04/15 10:38:08
2024/04/15 20:24:30,2024/04/15 20:24:31
2024/04/15 19:00:40,2024/04/15 19:00:42
2024/04/15 21:07:18,2024/04/15 21:15:00
2024/04/15 10:40:43,2024/04/15 10:42:47
2024/04/15 23:49:43,2024/04/15 23:49:44
2024/04/15 16:49:39,2024/04/15 16:49:45
2024/04/15 17:12:00,2024/04/15 17:12:13
2024/04/15 17:07:43,2024/04/15 17:07:49
2024/04/15 17:03:34,2024/04/15 17:03:35
2024/04/15 16:44:06,2024/04/15 16:44:07
2024/04/15 10:36:02,2024/04/15 10:36:03
2024/04/15 22:11:19,2024/04/15 22:11:21
2024/04/15 18:40:48,2024/04/15 18:40:48
2024/04/15 15:01:50,2024/04/15 15:01:51
2024/04/15 10:29:31,2024/04/15 10:29:32
2024/04/15 10:38:59,2024/04/15 10:39:28
2024/04/15 14:32:24,2024/04/15 14:32:27
2024/04/15 15:22:30,2024/04/15 15:22:33
2024/04/16 1:06:29,2024/04/16 1:06:33
2024/04/15 9:58:52,2024/04/15 9:58:57
2024/04/15 12:21:19,2024/04/15 12:23:20
2024/04/15 12:08:43,2024/04/15 12:08:44
2024/04/15 21:04:28,2024/04/15 21:04:34
2024/04/15 23:20:34,2024/04/15 23:20:36
2024/04/15 10:45:51,2024/04/15 10:51:23
2024/04/15 11:08:56,2024/04/15 11:08:56
2024/04/16 8:39:14,2024/04/16 8:39:15
2024/04/16 15:34:58,2024/04/16 15:35:00
2024/04/16 15:28:11,2024/04/16 15:28:20
2024/04/16 18:58:26,2024/04/16 21:00:12
2024/04/16 19:05:47,2024/04/16 21:51:27
2024/04/16 8:15:45,2024/04/16 8:15:46
2024/04/16 8:22:57,2024/04/16 8:22:57
2024/04/16 8:27:41,2024/04/16 8:27:42
2024/04/16 8:39:13,2024/04/16 8:39:16
2024/04/16 8:49:52,2024/04/16 9:06:33
2024/04/16 11:27:44,2024/04/16 12:48:10
2024/04/16 8:05:32,2024/04/16 8:06:48
2024/04/16 10:41:19,2024/04/16 10:58:43
2024/04/16 14:12:41,2024/04/16 14:20:55
2024/04/16 14:47:14,2024/04/16 14:51:14
2024/04/16 18:53:36,2024/04/16 18:53:37
2024/04/16 21:44:31,2024/04/16 21:48:02
2024/04/16 22:09:51,2024/04/16 22:10:47
2024/04/16 22:32:33,2024/04/16 22:32:34
2024/04/16 23:38:33,2024/04/16 23:38:33
2024/04/16 23:44:00,2024/04/16 23:44:00
2024/04/16 12:08:20,2024/04/16 12:08:21
2024/04/16 12:46:56,2024/04/16 12:46:57
2024/04/16 12:55:49,2024/04/16 12:55:50
2024/04/16 14:17:49,2024/04/16 14:17:50
2024/04/16 14:26:21,2024/04/16 14:26:29
2024/04/16 14:27:12,2024/04/16 14:27:15
2024/04/16 9:03:22,2024/04/16 9:05:00
2024/04/16 10:30:31,2024/04/16 10:53:35
2024/04/16 10:32:14,2024/04/16 11:06:39
2024/04/16 18:10:13,2024/04/16 20:53:18
2024/04/16 18:06:48,2024/04/16 22:23:15
2024/04/16 18:03:59,2024/04/16 20:45:33
2024/04/16 7:51:47,2024/04/16 7:51:48
2024/04/16 16:21:00,2024/04/16 16:27:42
2024/04/16 20:42:00,2024/04/16 20:42:08
2024/04/16 18:01:26,2024/04/16 20:35:08
2024/04/16 8:54:41,2024/04/16 9:09:05
2024/04/16 13:02:19,2024/04/16 13:02:20
2024/04/16 14:18:17,2024/04/16 14:20:13
2024/04/16 15:18:46,2024/04/16 15:18:46
2024/04/16 15:43:48,2024/04/16 15:47:32
2024/04/16 19:44:05,2024/04/16 19:44:06
2024/04/16 22:38:17,2024/04/16 22:38:29
2024/04/16 8:48:55,2024/04/16 9:13:15
2024/04/16 12:24:46,2024/04/16 13:26:59
2024/04/17 0:57:22,2024/04/17 0:57:24
2024/04/16 11:38:09,2024/04/16 11:38:09
2024/04/16 11:54:28,2024/04/16 11:54:42
2024/04/16 9:32:12,2024/04/16 9:35:41
2024/04/16 12:34:20,2024/04/16 12:34:21
2024/04/16 12:29:02,2024/04/16 13:28:04
2024/04/16 1:06:29,2024/04/16 1:06:33
2024/04/17 3:15:28,2024/04/17 3:15:31
2024/04/17 3:33:19,2024/04/17 3:33:22
2024/04/16 16:23:17,2024/04/16 16:34:51
2024/04/16 17:03:55,2024/04/16 17:11:35
2024/04/16 11:50:40,2024/04/16 12:52:55
2024/04/16 18:26:40,2024/04/16 21:38:18
2024/04/17 0:44:40,2024/04/17 0:44:41
2024/04/16 8:03:16,2024/04/16 8:03:16
2024/04/16 9:29:05,2024/04/16 9:30:40
2024/04/16 21:46:22,2024/04/16 21:50:39
2024/04/16 22:12:16,2024/04/16 22:14:38
2024/04/17 9:54:41,2024/04/17 9:54:55
2024/04/17 7:53:19,2024/04/17 7:53:20
2024/04/17 10:31:13,2024/04/17 10:31:14
2024/04/17 12:33:24,2024/04/17 12:33:25
2024/04/17 8:06:13,2024/04/17 8:06:13
2024/04/17 12:11:37,2024/04/17 12:12:09
2024/04/17 12:32:08,2024/04/17 12:32:31
2024/04/17 12:36:16,2024/04/17 12:36:17
2024/04/17 13:04:00,2024/04/17 13:05:57
2024/04/17 14:16:34,2024/04/17 14:16:35
2024/04/17 14:24:06,2024/04/17 14:24:07
2024/04/17 14:44:18,2024/04/17 14:44:20
2024/04/17 14:55:14,2024/04/17 14:55:15
2024/04/17 16:28:32,2024/04/17 16:28:32
2024/04/17 19:22:18,2024/04/17 19:25:30
2024/04/17 19:17:03,2024/04/17 19:17:05
2024/04/17 20:22:08,2024/04/17 20:22:09
2024/04/17 23:54:56,2024/04/17 23:54:57
2024/04/17 20:50:43,2024/04/17 20:51:09
2024/04/17 21:00:06,2024/04/17 21:00:09
2024/04/17 22:34:20,2024/04/17 22:34:48
2024/04/17 19:18:18,2024/04/17 19:19:30
2024/04/18 0:08:59,2024/04/18 0:09:00
2024/04/18 0:58:31,2024/04/18 0:58:32
2024/04/17 15:15:18,2024/04/17 15:15:19
2024/04/17 8:13:14,2024/04/17 8:24:46
2024/04/17 8:40:35,2024/04/17 8:40:35
2024/04/17 17:57:44,2024/04/17 17:57:45
2024/04/17 19:37:33,2024/04/17 19:37:35
2024/04/17 21:08:30,2024/04/17 21:09:43
2024/04/17 22:26:15,2024/04/17 22:26:39
2024/04/17 8:09:18,2024/04/17 8:11:40
2024/04/17 7:59:02,2024/04/17 7:59:11
2024/04/17 16:32:40,2024/04/17 16:32:41
2024/04/17 16:44:17,2024/04/17 16:44:18
2024/04/17 17:27:11,2024/04/17 17:28:33
2024/04/17 18:39:22,2024/04/17 18:39:22
2024/04/17 20:34:26,2024/04/17 20:34:27
2024/04/17 22:58:15,2024/04/17 22:58:17
2024/04/18 0:39:52,2024/04/18 0:39:52
2024/04/17 12:04:33,2024/04/17 12:04:41
2024/04/17 13:56:24,2024/04/17 13:56:47
2024/04/17 13:04:42,2024/04/17 13:04:42
2024/04/17 13:59:25,2024/04/17 13:59:49
2024/04/17 14:39:52,2024/04/17 14:40:42
2024/04/17 14:40:08,2024/04/17 14:40:50
2024/04/17 16:32:59,2024/04/17 16:33:05
2024/04/17 16:35:41,2024/04/17 16:35:51
2024/04/17 9:49:43,2024/04/17 9:49:45
2024/04/17 10:13:42,2024/04/17 10:13:44
2024/04/17 15:43:20,2024/04/17 15:43:45
2024/04/17 8:34:01,2024/04/17 8:34:45
2024/04/17 8:26:36,2024/04/17 8:26:41
2024/04/17 9:49:25,2024/04/17 9:49:26
2024/04/17 17:39:34,2024/04/17 17:39:37
2024/04/17 23:24:02,2024/04/17 23:24:04
2024/04/18 0:11:22,2024/04/18 0:11:23
2024/04/17 1:30:06,2024/04/17 1:30:08
2024/04/17 21:50:40,2024/04/17 21:50:42
2024/04/17 22:27:42,2024/04/17 22:28:18
2024/04/17 23:45:33,2024/04/17 23:45:34
2024/04/17 8:07:33,2024/04/17 8:08:56
2024/04/17 15:58:23,2024/04/17 15:59:39
2024/04/17 15:45:07,2024/04/17 15:47:05
2024/04/17 16:48:45,2024/04/17 16:48:45
2024/04/17 20:48:46,2024/04/17 20:48:47
2024/04/17 14:26:22,2024/04/17 14:27:32
2024/04/17 0:57:22,2024/04/17 0:57:24
2024/04/17 19:06:27,2024/04/17 19:06:27
2024/04/17 19:20:38,2024/04/17 19:20:39
2024/04/17 18:25:46,2024/04/17 18:25:47
2024/04/17 3:15:28,2024/04/17 3:15:31
2024/04/17 3:33:19,2024/04/17 3:33:22
2024/04/17 21:07:50,2024/04/17 21:07:51
2024/04/17 22:20:10,2024/04/17 22:20:11
2024/04/17 12:39:05,2024/04/17 12:39:45
2024/04/17 11:17:02,2024/04/17 11:17:03
2024/04/17 11:59:06,2024/04/17 11:59:39
2024/04/17 15:25:30,2024/04/17 15:25:31
2024/04/17 17:15:05,2024/04/17 17:15:05
2024/04/17 0:44:40,2024/04/17 0:44:41
2024/04/17 8:30:08,2024/04/17 8:30:10
2024/04/17 8:12:34,2024/04/17 8:12:37
2024/04/18 17:11:22,2024/04/18 18:22:49
2024/04/18 10:29:23,2024/04/18 10:29:24
2024/04/18 8:25:11,2024/04/18 8:25:38
2024/04/18 19:22:00,2024/04/18 19:23:20
2024/04/18 20:05:09,2024/04/18 20:06:01
2024/04/18 22:00:56,2024/04/18 22:03:25
2024/04/18 18:07:07,2024/04/18 19:14:00
2024/04/18 0:08:59,2024/04/18 0:09:00
2024/04/18 0:58:31,2024/04/18 0:58:32
2024/04/18 8:49:12,2024/04/18 8:49:13
2024/04/18 7:47:56,2024/04/18 7:48:02
2024/04/18 10:33:35,2024/04/18 10:46:38
2024/04/18 8:34:04,2024/04/18 8:34:04
2024/04/18 14:24:49,2024/04/18 14:24:50
2024/04/18 14:30:23,2024/04/18 14:32:27
2024/04/18 7:46:29,2024/04/18 7:46:32
2024/04/19 8:36:12,2024/04/19 9:09:17
2024/04/18 0:39:52,2024/04/18 0:39:52
2024/04/18 21:55:50,2024/04/18 21:55:51
2024/04/18 22:43:50,2024/04/18 22:43:50
2024/04/18 11:21:02,2024/04/18 11:21:54
2024/04/18 7:27:06,2024/04/18 7:27:06
2024/04/19 7:49:05,2024/04/19 7:51:54
2024/04/18 16:53:29,2024/04/18 18:11:48
2024/04/18 14:40:02,2024/04/18 14:40:10
2024/04/18 15:01:05,2024/04/18 15:03:07
2024/04/18 16:13:00,2024/04/18 18:05:58
2024/04/18 0:11:22,2024/04/18 0:11:23
2024/04/18 18:10:52,2024/04/18 18:10:55
2024/04/18 17:58:46,2024/04/18 19:03:56
2024/04/18 17:18:19,2024/04/18 21:08:15
2024/04/17 23:45:33,2024/04/17 23:45:34
2024/04/18 7:59:46,2024/04/18 7:59:49
2024/04/18 10:15:18,2024/04/18 10:15:21
2024/04/19 9:38:49,2024/04/19 9:38:50
2024/04/18 14:41:59,2024/04/18 14:46:49
2024/04/18 8:05:13,2024/04/18 8:05:14
2024/04/18 21:06:22,2024/04/18 21:11:51
2024/04/18 18:41:42,2024/04/18 18:41:43
2024/04/18 17:56:08,2024/04/18 17:56:09
2024/04/18 15:58:44,2024/04/18 15:58:44
2024/04/19 10:06:04,2024/04/19 10:06:05
2024/04/19 10:15:22,2024/04/19 10:15:23
2024/04/18 22:10:30,2001/01/01 0:00:00
2024/04/18 22:02:50,2024/04/18 22:02:52
2024/04/18 17:19:16,2024/04/18 18:35:51
2024/04/18 18:28:37,2024/04/18 23:57:42
2024/04/18 19:36:01,2024/04/18 19:36:03
2024/04/18 22:14:46,2024/04/18 22:14:47
2024/04/18 8:13:32,2024/04/18 8:13:33
2024/04/18 8:23:46,2024/04/18 8:23:46
2024/04/18 8:34:47,2024/04/18 8:34:47
2024/04/18 19:21:48,2024/04/18 19:21:50
2024/04/18 19:50:33,2001/01/01 0:00:00
2024/04/18 19:50:49,2024/04/18 19:52:59
2024/04/18 20:15:55,2024/04/18 20:17:29
2024/04/18 23:01:05,2024/04/18 23:01:06
2024/04/19 8:44:08,2024/04/19 8:44:08
2024/04/19 8:55:18,2024/04/19 8:55:18
2024/04/18 17:04:18,2024/04/18 17:04:29
2024/04/18 17:16:54,2024/04/18 17:16:55
2024/04/18 18:57:04,2024/04/18 18:57:07
2024/04/18 19:32:55,2024/04/18 19:33:38
2024/04/18 21:27:22,2024/04/18 21:27:22
2024/04/19 1:04:33,2024/04/19 1:04:35